person_id,name
89883,Yukimasa Kishino
86261,Miki Fujitani
1189200,Shunsuke Kawabe
110614,Jin Yamanoi
444721,Masami Suzuki
962399,Shinichiro Ueda
100245,Naoki Yanagi
97299,Azusa Tadokoro
296794,Ako Mayama
7083,Yuki Kaida
106508,Maureen Jones
280847,Masataka Azuma
101392,Subaru Kimura
969067,Miho Okasaki
42360,Masaru Ikeda
130026,Junko Noda
22312,Ryusei Nakao
489108,Mayumi Shou
845469,Itsuro Kawasaki
1090120,Frank Osso
940555,Masashi Yamane
873052,Sawashiro Chiharu
121264,Tadashi Yamazaki
85709,Hiroyuki Yoshino
274111,Hideaki Tezuka
1179119,Shunichi Maki
174580,Yutaka Takenouchi
1857715,Satoshi Onishi
4720,Sakura Nogawa
102267,Shizuma Teijima
106075,Miho Arakawa
106277,Kohei Kiyasu
2083387,Hiroya Egashira
89888,Hiroshi Masuoka
293709,Hiroshi Watanabe
123543,Mayumi Yamaguchi
311533,Shinji Takamatsu
101004,Makiko Ohmoto
176072,Arisa Komiya
22311,Koichi Yamadera
161834,Takashi Nakamura
177296,Minoru Inaba
99935,Rie Saitou
1260709,Mayumi Saco
439238,Shiho Kikuchi
30679,Shinpachi Tsuji
103486,Yurika Kubo
127119,Hidenobu Kiuchi
1031098,Evgeny Sakharov
407872,Ryou Naitou
97261,Maria Yamamoto
11256,Yusuke Kobayashi
103383,Ayu Matsuura
39913,Youji Ueda
1609626,Ami Mizuno
240943,Junji Nishimura
1507524,Tai Kang
1591091,Chihiro Kamijo
39330,Tetsuya Kakihara
1597602,Takahiro Sumi
377,Tamio Ohki
114132,Rihoko Yoshida
140204,Setsuo Ito
60138,Hiroaki Hirata
774402,Kana Akutsu
456631,Osamu Yamasaki
234361,Yoshikazu Yasuhiko
402202,Yuuko Kobayashi
101062,Mutsumi Tamura
94763,Eiji Maruyama
1143770,Soubi Yamamoto
1206983,Iori Saeki
102268,Daiki Ueda
98482,Masaki Terasoma
97304,Yuuichirou Umehara
441031,Yoshiaki Iwasaki
160558,Masaharu Sato
136347,Mariette Sluyter
11389,Hitomi
824000,Kenji Yasuda
831109,Christine Bellier
670929,Saeko Zougo
726162,Machico
1178571,Atsuo Hasegawa
136751,TARAKO
873697,Kouichi Souma
85792,Takafumi Kawakami
1357399,Ami Nanase
178857,Megumi Matsumoto
86776,Yuto Nakano
981168,Gaita Aragona
96532,Rie Ishizuka
332918,Chisato Nakajima
1244985,Mirai Minato
60813,Show Hayami
279203,Daichi Kanbara
94770,Sayuri
108819,Ai Takabe
100574,Chiemi Chiba
97338,Shuuichi Ikeda
868594,Yukina Shutou
39710,Yoshito Yasuhara
422886,Yuji Muto
2062900,"Ishida Akira (Japanese), Sam Vincent (English)"
57865,Rina Hidaka
104749,Yui Makino
315339,Kazumi Amemiya
1502951,Mizuha Kuraoka
21513,Mami Koyama
80407,Carolina Ravassa
104133,Nanae Katō
1181624,Sofia Alexander
204,Rie Takahashi
667960,Toshikatsu Tokoro
381,Fumihiko Tachiki
965756,Ringo Aoba
1179181,Yusuke Ohta
101135,Junko Hori
101140,Kaneta Kimotsuki
2062503,Takahashi Hiroki (Japanese)
1452465,Kiyoshi Kawanishi
695659,Akane Fujita
1080330,Makoto Bessho
1418526,Yuuki Adachi
680589,Yoshiyuki Shimozuma
294587,Kaito Arai
988130,Ryosuke Takahashi
797049,Masao Harada
28162,Rica Matsumoto
30685,Naoko Kouda
315,Nobuhiko Okamoto
795348,Zeus Campbell
203362,Shin'ya Ohwada
716613,Hiroshi Ikehata
964713,Momoka Ito
364749,Richard Dumont
1276467,Minako Sato
94528,Hiroyuki Kinoshita
30771,Maaya Sakamoto
924839,Yuka Kuroda
1375623,Shuntarou Mizuno
107710,Hong Yun-hwa
1369916,Kaito Takeda
144071,Masami Kikuchi
360451,Yuuki Ogoe
2320481,Ookawa Genki
1852828,Riho Kuma
95736,Yoshino Takamori
345475,Minoru Okazaki
35880,Hideyuki Umezu
939866,Maki Kawase
297875,Robert O. Smith
100909,Juri Nagatsuma
1890559,鳥部万里子
434335,Philece Sampler
115938,Katsue Miwa
966006,Yohan Lee
88330,Masakazu Morita
94457,Tetsuya Iwanaga
105003,Kotori Koiwai
1172769,Hisako Tojo
127386,Chika Horikawa
175505,Takashi Sorimachi
1680460,Maika Agarie
830233,Mai Ishihara
1329889,Yukiya Hayashi
88325,Mayumi Asano
463592,Tetsuo Komura
789385,Shun Horie
886699,Kazuo Oka
828167,Tsubasa Sakiyama
162571,Yukitaro Namura
592425,Taro Kiuchi
188295,Eriko Nakamura
88348,Daisuke Matsuoka
1490733,Yua Nagae
2078428,Yuuki Kamisato
35990,Reina Ueda
57555,Edwin Neal
376357,Akitarou Daichi
86008,Tadahisa Saizen
200070,Yu Serizawa
88320,Masashi Ebara
10868,Haruhi Nanao
97173,Kazutomi Yamamoto
1735864,Alejandro Vargas-Lugo
100681,Mitsuru Hongo
297189,Sayaka Kinoshita
94678,Banjo Ginga
206904,Riho Takada
206905,Keita Machida
478010,Ryuzou Ishino
59887,Madoka Yonezawa
603020,Honoka Inoue
1162296,Shion Wakayama
85705,Biichi Satoh
1775816,Hina Yomiya
1938369,Wakana Maruoka
1647575,Mariko Nagai
347040,Paula Siero
731541,Jim Ripley
95175,Jen Brown
99907,Yuuna Inamura
49302,Richard Epcar
117241,Ayumi Tsuji
104708,Kumiko Nishihara
2471,Michelle Ruff
1452468,Noboru Miura
1179168,Tomohito Takatsuka
100886,Takuya Eguchi
116832,Hiroshi Kimura
94463,Tomosa Murata
704459,Yuki Nagaku
669211,Minami Takahashi
87191,Chika Sakamoto
492092,Tarô Arakawa
227059,Kouta Nemoto
106106,Asuka Tanii
47522,Samira Wiley
491151,Koji Tanaka
71158,Masami Iwasaki
30695,Naoko Watanabe
20388,Mahiro Maeda
104390,Akihiko Ishizumi
57204,Kanata Hongô
1705855,Anna Nagase
104121,Atsushi Ono
919358,Saki Miyashita
1066039,Higuchi Akari
1087270,Yuuko Kurose
183876,Eizo Tsuda
653495,Kei Mizusawa
352328,Michio Nakao
1025032,Kaori Maeda
863938,Seiya Numata
688380,Kuroki Honoka
873226,Konstantin Samoukov
685266,Kouyori Katase
691330,Nicolás Goldschmidt
84496,Tomoko Kawakami
1178122,Yurie Kozakai
38850,Lisa Ann Beley
11414,Daisuke Sakaguchi
1680459,Kakeru Itou
132748,Kenichi Ogata
1410298,Sayaka Kaneko
22304,Masako Nozawa
121069,Masako Isobe
852337,Yusuke Kuwahata
182514,Masaharu Watanabe
1178469,Yousuke Suda
607027,Katsuya Kikuchi
408394,Keiko Nemoto
241711,Arisa Andō
36705,Mamoru Oshii
1205629,Yuuka Morishima
45307,Kanji Tsuda
851892,Ryunosuke Watanuki
1602546,Hiroki Yamada
1178465,Yu Seki
35162,Kurumi Mamiya
1011542,Keiichi Nakagawa
592423,Masaaki Yano
103804,Keisuke Gotou
1767187,Jinbou Masato
305162,Azumi Waki
1162155,Santiago Rios
491444,Hiroshi Ôtake
99697,Izumi Kitta
716910,Kyoko Sakai
988763,Taki Yusuke
30774,Showtaro Morikubo
249966,Haruka Terui
1687039,Yusuke Handa
1191716,Tomoyo Takayanagi
227465,Georgette Reilly
78307,Naomi Kusumi
1178964,Ayumu Akikawa
852449,Hidenori Yamaguchi
1362106,Taiga Fukazawa
388,Romi Park
43054,Ai Hashimoto
652430,Norio Kashima
104145,Mugihito
429,Yasuhiro Kuroda
1881955,Misato
96070,Yūto Kazama
102270,Maiko Itou
755431,Kohei Amasaki
351048,Daichi Endo
841181,Atsushi Kakehashi
106872,Yukari Tamura
1074789,Shouki Tsuru
814013,Nozomi Furuki
1280668,Amane Shindō
1192281,Erika Ishitobi
607449,Mitsushiro Ichiki
108892,Tifanie Christun
102209,Masaya Matsukaze
103421,Narumi Hidaka
157626,Junichi Yanagita
57653,Satoshi Hino
1637876,Yūki Amezawa
157494,Toshiki Masuda
11412,Hidenari Ugaki
836023,Jun Kasama
75908,Kenjiro Tsuda
60636,Noriyuki Abe
62073,Kirk Thornton
386498,Uko Tachibana
1502950,Nagomi Saijo
296669,Hideyuki Hori
4286,Sumire Morohoshi
121308,Sumie Sakai
1578421,Kazuhiro Sunseki
873814,Takanori Yagi
113727,Jun Murakami
295552,Michael O'Reilly
98377,Takehiro Hasu
121,Mamiko Noto
36373,Kazuya Nakai
100139,Saori Goto
314,Ayumi Fujimura
1513417,Fumiya Imai
42371,Yuko Minaguchi
11391,Junko Shimakata
1098475,Teiko Kagohara
117009,Rui Tanabe
100889,David Golinkin
103881,Seiro Ogino
6091,Alfie Allen
106122,Choi Won Hong
94626,Yutaka Aoyama
1460148,Hiroaki Sato
773954,Kouji Takahashi
295750,Naoto Hosoda
25249,Suzuka Ohgo
11255,Haruka Yamazaki
1176307,Hiroyuki Oshima
1680457,Sayaka Migita
335967,Azusa Kataoka
1291728,Ami Maeshima
3597,Ayana Taketatsu
90689,Kaito Ishikawa
588921,Yûki Mitsugi
725022,Nao Fujita
434,Satsuki Yukino
588917,Izumi Koike
86694,Yui Ishikawa
45308,Kenyu Horiuchi
89896,Keiko Yokozawa
372519,Kimberly Woods
35986,Chinatsu Akasaki
873163,Hina Kino
958526,Ruka Nemoto
101583,Ikumi Nakagami
864509,Sophie Deschaumes
140181,Naoya Uchida
1084274,Chiaki Kobayashi
394744,Manabu Ono
299258,Umika Kawashima
1158926,Tatsumaru Tachibana
436559,Miwa Mukunoki
99814,Naoyuki Itou
1418438,Tora
293705,Isshin Chiba
1234782,Arisa Kori
507562,Masao Imanishi
93574,Yumi Touma
100884,Yuka Saitou
1653416,Lamalfa Michelle Tateyama
755313,Emi Miyajima
1599858,Masaki Sawai
103291,Akira Nakagawa
1637879,Kazuki Terashita
789326,Karin Isobe
177356,Akira Iwanaga
291729,Junya Enoki
39708,Kazuyuki Sogabe
121266,Nobuko Terajima
2355297,小仓宏文
161014,Takanori Ooyama
2145806,Yukiko Mizuochi
57416,Kazuhiko Inoue
96970,Takumi Saitoh
381324,Yoshino Ootori
99474,Yuka Koyama
254383,Maria Naganawa
12360,Kenichi Suzumura
1003468,Mei Kanna
392133,Keiji Gotoh
254937,Takeo Takahashi
672303,Yukimasa Natori
106224,Bunmei Tobayama
36377,Norio Wakamoto
104825,Hiyori Nitta
779253,Naoko Sakakibara
449776,Narumi Hidaka	
278311,Takuma Zaiki
1612284,Yukihiro Nozuyama
666666,Nanako Mori
47019,Kensho Ono
815133,Aimi
115792,Yasunao Aoki
451,Ryoko Shintani
93573,Ryusuke Ohbayashi
86780,Hitomi Harada
86003,Nobutoshi Canna
22309,Toshio Furukawa
350425,Harumi Ikoma
125,Haruna Ikezawa
1036049,Ryan Faucett
3983,Chiwa Saito
39333,Michiko Neya
727055,Hideki Tachibana
53342,Takaya Aoyagi
1174146,Reiko Takagi
42381,Shigeru Chiba
85459,Misaki Kuno
94767,Makio Inoue
99810,Yumi Hara
89894,Hisao Egawa
863383,Yuuka Aisaka
103207,Aya Endo
289823,Kazuko Kojima
144069,Yuri Amano
164417,Masahiro Koumoto
263219,Kei Minegishi
100662,Yuki Goto
59892,Mika Ito
107482,Osamu Kobayashi
7151,Takako Tokiwa
989930,Otake Koichi
100658,Asuka Nakase
1252523,Live Mukai
35888,Yasuhiro Yoshiura
298163,Ryuzou Ishino
871420,Hikaru Akao
873688,Ryota Iwasaki
320427,Yutaro Honjo
85708,Masayuki Omoro
940687,Sho Nogami
183733,Haruka Shiraishi
122,Rie Tanaka
77271,Tommy Campbell
461,Yukana
330330,Kazuko Kato
470341,Isao Sasaki
501903,Mitsuo Senda
1082198,Horacio Dener
109277,Nobuyuki Kobushi
665883,Yuki  Nagano
1617312,Chihiro Asaki
102923,Nachi Nozawa
599729,Tomohiro Yamaguchi
762410,Ryoko Gi
103136,Tamie Kubota
1184164,Yuuhei Takagi
1686899,Ayumi Hirodo
99469,Atsushi Kisaichi
636089,Fanny Bloc
263738,Ryosuke Yamamoto
102436,Kinoko Yamada
844846,Yoshio Kazumi
892873,Narumi Takashi
89893,Hiro Yuuki
1805966,Ayako Kurosaki
940559,Marika Hayase
1418531,Masashi Uchida
815473,Eri Inagawa
97925,Tsutomu Kashiwakura
843829,Takamasa Mogi
113536,Seizō Katō
606531,Hayato Date
97335,Masashi Hirose
730924,Arisa Date
793665,Toshiharu Sakurai
190837,Takayuki Inoue
2301543,Megumi Hayashibara
45306,Cho
332944,Takuo Kawamura
61029,Daisuke Gouri
109279,Haruo Satou
1858032,Kyohei Yaguchi
43016,Arryn Zech
354962,Risa Hayamizu
484076,Kei Hayami
1178639,Masaomi Yamahashi
816179,Marika Kouno
807508,Mari Hino
97974,Kaori Ishihara
592421,Rico Sasaki
86172,Pauline Little
7084,Takayuki Kondo
157500,Masashi Igarashi
213639,Ikuko Tani
86146,Miho Yamada
944226,Chad James
730549,Misako Tomioka
96914,Risa Hayamizu
790395,Anzu Haruno
683724,Chiemi Tanaka
1161793,Hiyori Kouno
191638,Gen Ogawa
253605,Katsutoshi Hirabayashi
85924,Takumi Yamazaki
296798,Hiroki Goto
1500874,Sayaka Kikuchi
149127,Kazuhiro Takamura
97260,Kinryuu Arimoto
715198,Asuna Tomari
2216512,Misa Watanabe
253571,Fukushi Ochiai
103674,Kang Nam-Gil
1198148,Takako Tanaka
748252,Romina Yan
658807,Patrick Pedraza
96383,Yumiko Kobayashi
183877,Eriko Fujimaki
96062,Kouki Harasawa
578348,Yuu Hayashi
4610,Kimiko Koyama
299259,Yuzo Sato
132695,Kôsei Tomita
293706,Kazuhiko Kishino
589639,Lynn
1080214,Natsumi Murakami
291178,Mai Gotou
104395,Kimiko Saito
1600488,Shizuku Hoshinoya
102425,Eriko Kawasaki
1180168,Saya Saitou
293704,Asako Dodo
10874,Kathleen Barr
726948,Tomoki Kobayashi
10936,Nobutaka Nishizawa
92442,Tomohiro Nishimura
1206233,Mashiro Yagi
1398969,Chado Horii
276,Yumi Uchiyama
1177375,Eiji Takeuchi
57184,Takashi Watanabe
229795,Ayumi Takeo
26769,Akio Nojima
88322,Kujira
1494271,Akira Funada
1017459,Cong Liu
376722,Koji Moritsugu
589398,Risa Asaki
4727,Asami Sanada
1192407,Tomoya Yano
873689,Rie Hikisaka
1050333,Moeka Koizumi
190316,Makiko Esumi
262119,Ben Hiura
785105,Naoyuki Tatsuwa
1760275,Taichi Kusano
108706,Yasuhiro Takato
731780,Risako Murai
157548,Kengo Kawanishi
99190,Etsuko Kozakura
42367,Tomoyuki Shimura
74226,Walter Massey
180085,Takuya Kirimoto
843615,Oota Motohiro
132699,Takashi Imanishi
43854,Kenji Nojima
645309,Manami Tanaka
715515,Toshiki Iwasawa
384594,Federico D'Elía
21342,Yasuhiro Takemoto
728377,Yui Fukuo
90694,Shingo Natsume
1024484,Ning Yang
1857605,Satoshi Kada
412178,Kimika Yoshino
103413,Chiharu Suzuka
113663,Masafumi Kimura
1174346,Yurika Endou
727610,Nana Kouno
1205357,Hiroki Nanami
96524,Motoki Takagi
175480,Saori Yumiba
1158869,Fairouz Ai
140950,Mitsuko Kusabue
94766,Otoya Kawano
104709,Maria Kawamura
2301559,Junko Noda
4615,Yoshihisa Kawahara
1236715,Misato Matsuoka
227060,Yasuhiko Tokuyama
1050328,Hinata Satou
27722,Joe Ochman
39915,Tarusuke Shingaki
699392,Joëlle Fossier
1025054,Takeaki Masuyama
99775,Yoko Asagami
1161101,Yoshinori Odaka
25343,Yutaka Nakano
891839,Masami Shimoda
317014,Masaya Fujimori
1179183,Yuuto Adachi
506359,Hiroshi Kobayashi
926354,Wataru Takahashi
256359,Yutaka Yamamoto
997963,Yumeha Kouda
717107,Kotone Kuwayama
103557,Mariko Honda
259704,Hiyori Sakurada
872281,Shota Yamamoto
1169439,Jorge Montero
25346,Sakiko Tamagawa
744822,Seria Fukagawa
1203971,Maria Sashide
102370,Seiji Kishi
138262,Kazuhiro Furuhashi
64387,Satoshi Jinbo
1762658,Saho Shirasu
476840,Yuuki Masuda
87192,Houko Kuwashima
96758,Asami Seto
670639,Shizuka Furuya
1817307,Satoshi Fumihara
2157569,Nobunari Oda
171053,Kazuki Kato
1452469,Noboru Sato
107462,Kei Tomiyama
730547,Yo Miura
462345,Chiyoko Kawashima
160892,Ooki Sugiyama
89885,Yukitoshi Hori
11288,Haruka Tomatsu
174170,Yoko Nogiwa
100591,Soichiro Hoshi
728761,Mitsuru Kubota
868806,Yôhei Namekawa
60772,Ayako Kawasumi
305583,Shizutaka Sugahara
102265,Kyo Nagasawa
2143103,Stéphane Lambiel
88341,Tetsu Inada
345,Ken Narita
1664618,Saya Satou
39332,Yukari Fukui
97287,Ai Kakuma
104373,Mark Ishii
70758,Noboru Iguchi
143,Shinnosuke Tachibana
1560841,Shinichiro Kamio
1063739,Miyuri Shimabukuro
169378,Hiroko Kasahara
103882,Shiro Saito
174449,Takashi Oohara
313,Megumi Toyoguchi
2143335,Miyako Chida
347389,Takehiro Murozono
35982,Megumi Han
103513,Tomoe Hanba
96465,Atsushi Imaruoka
872578,Sumiyoshi Furakawa
28178,Kunihiko Yuyama
1076,Lee Tockar
160875,Issei Miyazaki
577730,Hasashi Izumi
1179153,Takashi Uezumiya
89871,Jôji Yanami
127998,Hisayo Mochizuki
86255,Terrence Stone
731539,Melanie Risdon
989293,Watanabe Masako
346194,Shingo Nakagawa
816719,Kyou Yatate
1023790,Shouhei Hashimoto
786544,Gakuto Kajiwara
4734,Noriko Rikimaru
874221,Marika Minase
790379,Rika Kinugawa
100707,Satomi Akesaka
860373,Kana Motomiya
30776,Taiten Kusunoki
1668775,Asumi Yoneyama
317752,Sarah Emi Bridcutt
1178511,Reiou Tsuchida
1659239,Hiromu Mineta
160379,Takayuki Sakazume
449781,Kunihisa Sugishima
194607,Miki Narahashi
39912,Shunsuke Sakuya
3984,Kaori Nazuka
88747,Shuta Morishima
314809,Atsushi Tamura
45265,Terrence Scammell
940595,Natsumi Uemura
159485,Rie Kanda
114131,Noriko Ohara
874248,Atsushi Sasaki
176402,Maria Bersenyova
1572822,Akane Kaida
1228230,Risa Tsumugi
99617,Yoko Honna
91892,Kanako Miyamoto
97897,Yuka Otsubi
892650,Daichi Hayashi
39338,Kiyoshi Kawakubo
146123,Naoko Suzuki
12410,Masayuki Katou
120932,Miki Ootani
106220,Hitomi Yoshida
97259,Emiko Hagiwara
85352,Yoshitsugu Matsuoka
924744,Nana Hamasaki
757461,Ryoko Maekawa
98470,Kiyomi Asai
446964,Masaharu Okuwaki
101587,Sakura Nakamura
101970,Ayano Yamamoto
1930892,Chizuko Hoshino
1164343,Hibi Yaro
302886,Yûichirô Sakashita
110036,Tomoyuki Higuchi
106871,Atsushi Abe
1605277,Chiharu Shigematsu
94843,Megu Ashiro
103512,Wakana Yamazaki
39561,Sandy Fox
99447,Kiyotaka Furushima
804228,Namimi Sanjo
1418528,Toshiyan
1266434,Odahiro Watanabe
136346,Onalea Gilbertson
873690,Kento Shiraishi
725258,Jack Hamer
11377,Daisuke Namikawa
3596,Satomi Sato
94469,Manami Honda
710609,Yoriyasu Kogawa
104884,Shuhei Sakaguchi
1637872,Rio Totoki
317422,Justin Tomimori
731538,Tomoko Fujino
57656,Kohsuke Toriumi
340,Megumi Ogata
1653415,Rena Hasegawa
1489538,Yuya Hozumi
937978,Tomomi Mineuchi
3976,Naoko Takano
103135,Chiaki Omigawa
270999,Akari Kito
177866,Yuriko Yamaguchi
546500,Mari Takami
182330,Shoya Chiba
135601,Koji Ishii
22310,Natsuki Hanae
96400,Akira Kamiya
85702,Mamoru Miyano
748166,Shinsuke Sugawara
99811,Manami Numakura
922692,Shingo Tanabe
325404,Atsumi Tanezaki
72136,Kazuko Sugiyama
383673,Ayako Ito
1848349,Ayasa Goto
456110,Carlos Olivieri
227100,Kyoko Hikami
1512093,Mayu Mineda
940553,Aiki Mase
834696,Mitsuki Nakae
97890,Ayaka Fukuhara
182359,Takahiro Yoshimizu
440253,Hiroko Konishi
699345,Takaki Ootomari
249,Tomokazu Sugita
653139,Yuka Takakura
1017556,Shiyu Qiao
317973,Katsuhisa Hôki
140305,Koji Yamamoto
1626916,Shogo Sakata
22305,Ryou Horikawa
100883,Sachika Misawa
94143,Iori Nomizu
106217,Yuya Miyashita
2097937,Yukari Watanabe
206,Ari Ozawa
1700278,Ruka Yashiro
247333,Seiko Tomoe
97333,Keiko Toda
160873,Shion Hirota
694083,Kaoru Suzuki
104143,Sachi Matsumoto
730221,Kenichiro Sumi
1095202,Yuki Inoue
1607250,Taisei Nishino
1947705,Kohei Kureta
1739894,Naotaka Hayashi
1653417,Asami Mizukami
971013,Izumi Araida
99767,Hikaru Hanada
874243,Issei Maeda
96395,Yuriko Yamamoto
861733,Tomori Kusunoki
182664,Ryan Haywood
96681,Yui Shoji
1675417,Kazuki Matsunaga
104827,Saori Onishi
1257791,Mayu Minami
1280690,Haruka Mimura
1957401,Misa Kayama
702972,Pierre Tessier
940582,Hitomi Shogawa
39707,Bin Shimada
1352459,Madoka Shiga
1205605,Marina Yamada
95732,Yuko Mizutani
36375,Kenta Miyake
85789,Daisuke Kirii
971008,Hikaru Koide
103345,Norihisa Mori
1857776,Kazuya Yamashita
53113,Jacques Balutin
135820,Toshiya Ueda
1192406,Yuna Kamakura
658420,Minami Shinoda
241841,Hiromichi Kogami
940580,Jun'ya Nozaki
1118397,Daria Midou
100908,Yuki Kaneko
28172,Toru Furuya
868595,Chisa Kimura
764684,Takuya Kusakawa
246,Mai Nakahara
101584,Ozaki Mami
1573153,Saika Kitamori
182726,Minami Tanaka
309582,Misaki Komatsu
1193788,Ryokan Koyanagi
100988,Yoko Maki
1087622,Aguri Oonishi
1038663,Takato Nagata
990389,Megumi Nakajima
183305,Kanehira Yamamoto
1171214,Kenshiro Iwai
104826,Moe Toyota
86002,Masaki Terasoma
45261,Rick Jones
874236,Tetsujin Aoki
97178,Natsumi Takamori
44255,Katsunosuke Hori
28176,Yousuke Akimoto
170486,Mamoru Kanbe
249758,Suzuko Mimori
46606,Rachael Lillis
123545,Seiji Mizushima
253790,Riho Iida
1920703,Seiko Tamura
1238987,Kiminori Kusano
39336,Daiki Nakamura
110613,Kanichi Kurita
211,Ikumi Hayama
12359,Akemi Kanda
443741,Yuuki Kodaira
104398,Misaki Sekiyama
131,Toshiyuki Toyonaga
401935,Chinami Hashimoto
101543,Takahiro Matsukawa
35877,Maaya Uchida
872322,Toshinari Fukamachi
104101,Hajime Kamegaki
102258,Naomi Wakabayashi
90688,Makoto Furukawa
100897,Sora Tokui
961392,Nelly Fontán
1087620,Hina Suguta
148381,Rie Shibata
1713022,Kenjirou Abekawa
136362,Masami Hisamoto
98420,Marie Miyake
958531,Kyouka Tamura
106054,Kaori Fukuhara
730277,Karin Nanami
42358,Junpei Takiguchi
99577,Yuki Amami
103807,Mana Hirata
1340468,Kent Itou
258662,Yukari Nozawa
730279,Kozo Mito
253228,Ryo Sato
667966,Yukari Honma
248,Sakura Nogawa
108096,Mayumi Yoshida
106079,Takayuki Hamana
798902,Moemi Otaka
103451,Hideki Ogihara
1551979,Shintaro Tanaka
872288,Akira Sekine
183304,Ayaka Asai
213228,Kaya Matsutani
25342,Osamu Saka
592190,Donna Yamamoto
1155855,Tong Lung
235237,Shizuka Hasegawa
61035,Ryuuzaburou Ootomo
103382,Hiroshi Tsuchida
147252,Sayuri Yahagi
4617,Anri Katsu
1173429,Ayaka Shimizu
1431301,Ryou Fujii
126744,Kousuke Okano
104881,Eiji Sekiguchi
1545865,Tomohiro Ono
1265043,Saya Aizawa
813377,Yuko Ono
1084691,Hideaki Kabumoto
971257,Arisa Aihara
1179114,Katsunori Okai
1334727,Kazuki Ura
88323,Hochu Otsuka
1658977,Zhang Zhe
89841,Iemasa Kayumi
291731,Mayumi Shintani
46988,Takaya Kamikawa
145197,Kaori Sadohara
103879,Shuhei Iwase
731542,Dean Bareham
354241,Yuki Makishima
100888,Shinobu Matsumoto
106078,Naomi Shindo
180184,Gino Renni
874235,Tadashi Mutou
84495,Yuzuru Fujimoto
47587,Richard Newman
670736,Hiroki Maeda
1858023,Miura Ayme
462547,Nobuo Tomizawa
1452467,Fuyuki Takahashi
104743,Takashi Mito
35881,Gou Shinomiya
604184,Shiho Kokido
327698,Masashi
1225523,Jin Ogasawara
1930966,Yura Hinata
229793,Madoka  Asahina
909323,Erika Nakai
12405,Kenji Hamada
291813,Yoshino Aoyama
1637874,Suguru Narisawa
462153,Takkô Ishimori
64552,Atsuko Fukushima
1065500,Yuko Mori
746704,Yui Nakajima
145,Rie Kugimiya
990503,Maho Masaka
442964,Machiko Toyoshima
1132029,Saeko Kamijo
135821,Hiroyuki Shibamoto
456969,Kōichi Tōchika
40658,Takuto Yoshinaga
2032706,Li Shimeng
440254,Miwa Matsumoto
212026,Takuya Nakayama
417,Mitsuru Ogata
99194,Hiroomi Sugino
719018,Akane Kohinata
4604,Yuka Iguchi
99017,Yuka Imai
10869,Sayaka Ohara
1192362,Yui Nakajima
43008,Miles Luna
103294,Kunihiko Yasui
97411,Matthew Erickson
1661486,Misa Fukamachi
99019,Kaori Shimizu
924701,Mari Shiraishi
250843,Ryota Takeuchi
97889,Ayaka Ohashi
58714,Hiroaki Iwanaga
843616,Miyadera Tomoko
104129,Lia Sargent
708096,Yuuki Hirose
1183470,Kensuke Sato
96967,Ken Mitsuishi
1023796,Takahide Ishii
174628,Ryoichi Tanaka
14001,Takeshi Kusao
100920,Yui Sakakibara
6995,Yoji Tanaka
96068,Yoshinori Sonobe
59106,Takuya Mizoguchi
100911,Atsushi Tamaru
160098,Mitsuaki Madono
1581224,Akihisa Wakayama
120766,Ai Tokunaga
1145039,Yutaro
1807176,Yoko Ikeda
235252,Melodee Spevack
1517460,Emiko Takeuchi
22308,Mayumi Tanaka
673627,Sarara Yashima
104352,Kaoru Mizuhara
103621,Arisa Shida
59890,Yuu Asakawa
253794,Himika Akaneya
101138,Rei Sakuma
725332,Tatsuya Nakazaki
997883,Shinya Kote
235251,Debbie Rothstein
970902,Maori Komeno
103208,Kanako Toujou
125580,Atsuko Enomoto
786535,Kana Yuuki
58215,Kappei Yamaguchi
97298,Mao Ichimichi
1433456,Kenta Sasa
101798,Minori Chihara
300983,Miyuki Satou
188767,Maki Kobayashi
873693,Kaede Yuasa
97337,Yō Inoue
25386,Susan Glover
87194,Ryoko Shiraishi
291812,Miyu Takagi
1164128,Marina Yabuuchi
148384,Takashi Taniguchi
291180,Chiyo Ousaki
166311,Hiroshi Watari
453809,Yasuhiro Imagawa
445170,Kunihiko Ikuhara
227466,Rich McNanna
92708,Kotono Mitsuishi
868724,Shohei Yamaguchi
329760,Haruka Yoshimura
171239,Mayo Suzukaze
94702,Ayahi Takagaki
219194,Haruko Kitahama
664533,Rika Nagae
669050,Ryusuke Shiomi
102424,Ai Shimizu
169,Chiaki Takahashi
789327,Aoi Ichikawa
838927,Saki Ono
1234288,Masafumi Tamura
32339,Maisie Williams
15671,Daran Norris
1050329,Haruki Iwata
821123,Masakazu Nishida
99779,Mitsuo Senda
94459,Minoru Shiraishi
56703,Brenna O'Brien
729755,Hirofumi Ogura
100921,Kazuya Tatekabe
1424627,Kaoru Sakura
831304,Haruki Ishiya
601192,Katsushi Sakurabi
53327,Suzunosuke
1660247,Katsufumi Yachi
94142,Midori Tsukimiya
250599,Hibiku Yamamura
128277,Makoto Naruse
176544,Kyousei Tsukui
1192275,Yuzuki Konno
227464,Daniel Kevin Harrison
100663,Yurika Ochiai
399,Sayaka Narita
1607249,Ui Hinagata
394083,Masataka Sawada
121263,Tetsuo Mizutori
1511813,Anna Hachimine
3978,Noriaki Sugiyama
34857,Takashi Matsuyama
174950,Issei Futamata
868721,Wataru Usami
103880,Misato Fukuen
57815,Tetsu Watanabe
1175932,Shohei Komatsu
663375,Fumiko Uchimura
103891,Kazusa Aranami
1701,Wes Bentley
1085057,Shinei Ueki
2822,Mark Camacho
348,Akio Otsuka
90462,Shoko Nakagawa
588919,Ryûsaku Chijiwa
240158,Hana Takeda
11402,Hisayoshi Suganuma
104923,Kazuhiro Oguro
228311,Daisei Fukuoka
97293,Yuki Ono
4308,Kaori Mizuhashi
1680463,Mariko Miyase
97898,Rei Matsuzaki
650768,Yasuhiro
816807,Ai Yamamoto
694440,Yuka Otsubo
104375,Yoshiyuki Tomino
89891,Keiko Yamamoto
418138,Hiroshi Shirokuma
350291,Morio Asaka
57417,Chie Nakamura
11176,Yui Ogura
89889,Mariko Mukai
1114665,Katsumi Fukuhara
165919,Mie Sonozaki
257122,Jun Kawagoe
726381,Aimi Tanaka
145181,Hiroshi Okamoto
254677,Haruka Fukuhara
99259,Yuki Takao
103485,Yuka Terasaki
182354,Ayumi Furuyama
305158,Kana Marutsuka
128278,Sayuri Yoshida
727517,Manaka Iwami
1067407,Koji Seki
302708,Tooru Kitahata
973779,Kitamura
97896,Ruriko Aoki
2044109,Daishi Kajita
1290964,Natsumi Kawaida
1500144,Satomi Amano
57418,Junko Takeuchi
99015,Mina Tominaga
1003222,Konomi Fujimura
213,Masaomi Ando
836798,Shinichiro Ueda
274558,Tomohisa Hashizume
86777,Yoshiko Sakakibara
1244324,Chiaki Kon
135405,Sanae Miyuki
85543,Yuichi Nakamura
4276,Eri Kitamura
121262,Shinobu Adachi
12003,Koki Uchiyama
311531,Hiroshi Ishida
874228,Noriko Ueda
132745,Saeko Shimazu
57419,Masahiko Murata
1174497,Shuu Uchida
92628,Mitsutaka Tachikawa
1205621,Kanon Shizaki
103561,Tetsuo Kanao
112896,Masato Hagiwara
408399,Takao Kato
731256,Moa Tsukino
443845,Fuuko Saito
596168,Runa Akiyama
400133,Yumi Ichihara
1174523,Masaaki Mizunaka
100664,Kenji Takahashi
298281,Tomoko Nakamura
116711,Yasuhiro Mamiya
463033,Kiyonobu Suzuki
58500,Sôichirô Kitamura
484439,Sean Mitchell
1246421,Seiya Kimura
314813,Kouichi Nagano
103453,Manabi Mizuno
54388,Rafael Amaya
103434,Biichi Satou
698745,Kyoko Narumi
1041412,Kosuke Miyoshi
357095,Kunihiro Kawamoto
255465,Eiji Akaso
673478,Natsuko Hara
804622,Kousuke Goto
147084,Hiroko Taguchi
731068,Saki Ogasawara
107706,Oh Kyung Soo
1789516,Koichi Kamiki
1185285,Shiori Mutou
727586,Yui Kondou
695034,Konomi Kohara
1700110,Shiori Hanaoka
11379,Chikao Ohtsuka
417518,Fabio Aste
1418442,sakuya
332403,Yoshiaki Matsumoto
103597,Mami Kingetsu
121741,Yonehiko Kitagawa
428,Tomoko Kaneda
101585,Maya Yoshioka
21511,Mitsuo Iwata
99016,Murasaki Wakaba
1307443,Tang Xiaoxi
100748,Yoshino Nanjo
103450,Fujiko Takimoto
597163,Atori Shigematsu
1608064,Natsuki Deguchi
1578945,Shomaru Zouza
156844,Junya Ikeda
99181,Eiji Itou
330775,Mari Doi
229494,Nobutoshi Kanna
123,Takahiro Mizushima
716304,Shuusaku Shirakawa
28174,Chinami Nishimura
228843,Toshiko Fujita
96954,Mariko Suzuki
249965,Ayaka Imamura
133793,Chigusa Ikeda
157496,Junta Terashima
1003376,Akane Kiryuu
113042,Jun Fukushima
59886,Aki Toyosaki
1173721,Toshiro Fujii
106218,Aiko Souhashi
146624,Araceli González
803736,Naoya Fukushi
1234780,Igasaki Ayaka
85542,Aya Hirano
249967,Haruka  Watanabe
726222,Naruse Mia
96064,Makoto Yasumura
394077,Taimei Suzuki
1087619,Nishimura Taisuke
235840,Gray Haddock
104071,Sakura Tange
43856,Kazuhiro Yamaji
99769,Hozumi Gōda
157501,Takuma Nagatsuka
39335,Shizuka Itoh
991645,Seiji Maeda
158407,Daigo
113662,Akira Kasahara
95733,Kumiko Takizawa
82540,Crispin Freeman
85545,Shinji Ishihira
596311,Yoshikazu Hirano
302924,Hekiru Shiina
603027,Ami Naito
18055,Tony Todd
35983,Fumiko Orikasa
798903,Yuri Komagata
1497555,Shion Suzuki
1931233,Yui Sakakibara
126908,Aki Kanada
1027358,Keisuke Inoue
1179151,Daiki Kobayashi
1059446,Aoi Koga
717059,Mai Kanazawa
291811,Mayu Yoshioka
822007,Minoru Ashina
317319,Masato Jimbo
1206482,Gen Sato
97257,Chihiro Suzuki
105262,Miharu Kobayashi
2301407,Yumiko Kobayashi
508050,Miyuki Ueda
1497553,Kazuki Soejima
101800,Ryoko Ono
273724,Shiori Izawa
100138,Kazuyuki Okitsu
28163,Yuji Ueda
96460,Daiki Yamashita
340443,Shigeru Nakahara
137310,Rumi Shishido
253788,Emi Nitta
296811,Hiroo Sasaki
476113,Chieko Honda
98373,Kanako Irie
1791038,Chiyo Tomaru
60774,Noriko Shitaya
1673733,Yuu Wakabayashi
454486,Holly Kaneko
590854,Samantha Inoue-Harte
873885,Chikahiro Kobayashi
617865,Ikusaburo Yamazaki
831022,Keisuke Kōmoto
731171,Arthur Lounsbery
1461464,Kaoru Ikeda
35163,Omi Minami
101239,Chie Matsuura
301904,Kôji Yamazaki
160091,Yukiko Iwai
21515,Hiroshi Ohtake
657597,Karin Takahashi
104707,Yuriko Fuchizaki
5173,Yui Horie
47086,Tao Tsuchiya
892914,Hiroki Matsukawa
654555,Shino Shimoji
1760577,Yutaka Balletta
1795852,Hiroko Kiso
342446,Tsuguo Mogami
405940,Naoki Mizutani
203255,Osamu Ichikawa
174945,Masato Yamanouchi
726223,Mio Yasuda
740129,Daimaou Kosaka
99402,Naoko Matsui
1155145,Nozomi Kasuga
1809104,Shuichi Uchida
305161,Miyu Tomita
605152,Masashi Tamaki
724960,Saya Shinomiya
1058182,Junichi Gotou
728281,Shinpei Nagai
70525,Yui Ichikawa
100912,Yuri Yamaoka
873694,Makoto Kaneko
730073,Yoshiaki Okumura
185084,Toshiaki Komura
1234781,Kayou Hikaru
1600490,Saya Fukuzumi
335665,Aju Makita
780539,Kotaro Ishidate
981580,Haruka Nagashima
19861,Yoshino Kimura
268441,Keiichi Nanba
868807,Takuya Inagaki
815502,Yuka Ozaki
789365,Juria Matsumura
135822,Eiko Hisamura
86145,Kozue Yoshizumi
141558,Yasunori Danta
137996,Mitsuki Saiga
123542,Miyoko Asô
108820,Yuko Gibu
96955,Chisa Yokoyama
380,Mariya Ise
1585483,Tsubasa Kizu
1507687,Nao Shiraki
86144,Yoshinori Fujita
85706,Takashi Hikida
47020,Kenji Akabane
413023,Minako Tanaka
462741,Yu Shimaka
367131,Taeko Kawata
973780,Sanba Yuuko
656731,Luna Haruna
58509,Masaki Miura
1758316,Kentarou Araki
75912,Satoshi Kuwabara
1652872,spi
94468,Mai Aizawa
831025,Jun Aoki
90865,Tomoyuki Itamura
95739,Kaneto Shiozawa
730209,Seiichiro Yamashita
731349,Tomoe Tamiyasu
329,Makoto Ishii
133800,Ginzo Matsuo
279201,Yui Watanabe
88350,Sayori Ishizuka
3991,Mai Kadowaki
1283929,Saki Kosaka
1203977,Kana Aoi
42363,Rikako Aikawa
416,Tsubasa Yonaga
842846,Hiroyuki Nishimura
874239,Wataru Komada
1677425,Mayuko Kazama
253792,Megu Sakuragawa
1379916,Kanata Aikawa
96476,Sanae Kobayashi
123855,Yoko Soumi
11254,Shizuka Ishigami
879934,Riki Kitazawa
160921,Masayo Kurata
337486,Yamauchi Sayuri
1660322,Naoya Nakanishi
1283928,Rensuke Oshikiri
103418,Makoto Higo
84492,Jurota Kosugi
94466,misuzu
94144,Chiharu Kitaoka
30768,Toshiyuki Morikawa
7082,Naru Kawamoto
990006,Chiaki Shimogama
94464,Hirokazu Hiramatsu
312279,Teppei Akahira
577728,Marina Oono
174114,Rintaro Nishi
235254,Michael Lindsay
1311126,Genki Okawa
316158,Hisahiro Ogura
2130348,Akina Houmoto
57659,Shinji Kawada
109235,Shiho Kawaragi
193309,Nami Kurokawa
827430,Megumi Satou
960724,Naohiko Fujino
711942,Kouji Takeda
94147,Mina
95709,Lee Si-young
88338,Masaaki Tsukada
263217,Minori Suzuki
173275,Mizuho Suzuki
96676,Kana Asumi
198608,Toshifumi Kawase
297191,Makoto Koichi
345680,Akira Sasanuma
1066857,Keisuke Ueda
94762,Ginpei Sato
49872,Shigemitsu Ogi
35984,Michiyo Murase
160115,Junpei Morita
95148,Hiroshi Arikawa
680634,Shouta Aoi
29695,Takeshi Maeda
105261,Mizuki Yuina
1085175,Makoto Takahashi
1388552,Seira Ryū
940575,Emiri Iwai
173785,Masako Miura
93017,Aoi Tada
1014163,Shinchiro Miki
476456,Kiyomi Tsukada
724760,Koichi Chigira
101141,Keiko Hanagata
984408,Hinata Tadokoro
42369,Susumu Chiba
673533,Karin Ogino
252412,Kengo Takanashi
98369,Mariko Nagahama
4575,Hisako Kanemoto
2358420,Yoshihiko Iwata
75576,Toru Nakamura
1065252,Itaru Yamamoto
92197,Azumi Asakura
938157,Rikako Aida
940576,Do Song
940579,Kazuki Narumi
400511,Naozumi Takahashi
106219,Hiroki Tanaka
274610,Yuka Komatsu
71505,Kazato Tomizawa
253795,Momo Asakura
188196,Daisuke Maki
712059,Yuna Mimura
462,Tomokazu Seki
789367,Kokoa Amano
375,Yu Kobayashi
1360602,Olivia Brown
123898,Rio Natsuki
85701,Hidekatsu Shibata
84497,Takehito Koyasu
174529,Yuri Shiratori
1862510,Hitomi Sekine
100592,Kazusa Murai
646255,Yume Miyamoto
823960,Ken'ichi Imaizumi
1485353,Bin Sasaki
61038,Katsumi Suzuki
35876,Hiroki Yasumoto
618427,Romanov Higa
140,Ayane Sakura
338682,Kanako Tateno
836388,Kana Ichinose
599345,Daiki Kobayashi
128373,Ikue Kimura
1089659,Rina Honnizumi
88349,Kanako Hattori
838922,Kentaro Kumagai
314170,Kazuma Taketani
273649,Miwa Yasuda
881493,Li Haoling
973652,Noriko Shibasaki
717106,Yasumichi Mitani
58716,Takahiro Fujiwara
394746,Kenji Seto
446365,Shunji Yoshida
139,Keitaro Motonaga
605221,Toshiaki Matsumoto
589399,Keiko Suzuki
175284,Yuji Mitsuya
198607,Kenichi Kawamura
1285061,Fumie Moroi
1194552,Masayuki Kouda
98374,Naoya Iwahashi
300980,Kyoko Chikiri
789356,Toshiyuki Someya
491389,James R. Bowers
121265,Minori Matsushima
89875,Hiroko Emori
174527,Yoko Matsuoka
4309,Ami Koshimizu
867770,Nobuyoshi Nagayama
10894,Rikiya Koyama
376,Mai Fuchigami
2181586,Fumi Aikawa
652177,Half H.P.
847103,Yasuto Nishikata
120517,Hakuryû
314815,DJ Taro
1637506,Takashi Maeda
42996,Blaine Gibson
1765634,Misano Sakai
99997,Kihachirō Uemura
95173,Lindsay Jones
348951,Yuki Kimisawa
39331,Marina Inoue
108773,Mayuko Takahashi
1491071,Rie Suekara
636410,Aya Yamane
57658,Yōichi Masukawa
1090391,Sally Amaki
415931,Toshihiro Nakamura
95174,Kara Eberle
1511996,Ruri Umino
741434,Koutaro Nishiyama
873159,Daisuke Motohashi
85921,Ayumi Tsunematsu
4572,Atsuko Tanaka
235437,Yumiri Hanamori
264676,Yuri Yoshida
2092884,Yuusuke Nagano
128281,Kiyoko Sayama
1610773,Yuka Nishio
16851,Margot Kidder
914140,Robert Kabakoff
11998,Tasuku Hatanaka
502109,Hideki Sasaki
1347388,Eimi Naruse
1260753,Kaori Motoyama
1551759,Yohei Hamada
97892,Shunsuke Takeuchi
26764,Kiyoshi Kobayashi
274,Nobunaga Shimazaki
1174536,Naomi Maruyama
646608,Masami Azuma
99793,Riley Rose Critchlow
1192039,Kenta Ohkuma
127039,Kiyomitsu Mizuuchi
137930,Taishi Murata
322008,Hozumi Goda
144,Misuzu Togashi
125481,Ai Satou
270395,Arise Sato
826547,Yuto Uemura
61030,Toshihiko Seki
14002,Hikaru Midorikawa
2148278,Yui Otagiri
281519,Kohki Okada
22306,Hiromi Tsuru
87193,Kokoro Kikuchi
1087268,Chisaki Morishita
2638,Will Yun Lee
450,Akeno Watanabe
4602,Satomi Arai
1680458,Takeru Mishina
89879,Kozo Shioya
615222,Takashi Satô
242303,Teruyuki Tanzawa
229790,Yuuki Takada
96401,Ikuya Sawaki
1265975,Hina Tachibana
387286,Bon Ishihara
303318,Satoshi Tsuruoka
128280,Junichi Sato
39712,Shozo Iizuka
353552,Haruka Kimura
741010,Sayaka Harada
47005,Hirokazu Kore-eda
1760329,Akihiro Hori
136,Keiji Fujiwara
123602,Akiko Yajima
483823,Hiroko Maruyama
42383,Rintaro
1857728,Hirotaka Kobayashi
3731,Natsuki Aikawa
174424,Michie Tomizawa
789334,Arisa Sakuraba
97290,Mikako Komatsu
106227,Masakazu Nemoto
102943,Eri Suzuki
117248,Tamotsu Nishiwaki
157436,Tomoya Nakamura
338,Miki Nagasawa
182727,Kaya Okuno
2159273,Gwendal Anglade
1204706,Tomomi Watanabe
990873,Chihiro Ueda
96461,Nao Tamura
114385,Makoto Tsumura
1084696,Koutarou  Nakamura
231152,Reiko Takagi
117250,Kei Shindo
229792,Chitose Morinaga
1587737,Hinaki Yano
749768,Milagros Flores
107701,Lee Tae-sung
96398,Teiyu Ichiryusai
270993,Shinnosuke Mitsushima
42359,Takeshi Aono
1545864,Aiko Ninomiya
123896,Junko Hagimori
100744,Shiina Natsukawa
730803,Miyu Komaki
108829,Suguru Inoue
105263,Sayaka Senbongi
603022,Natsumi Fujiwara
138986,Asuka Nishi
85711,Showko Tsuda
602916,Hana Sato
940551,Ai Kousaka
29696,Risa Mizuno
466728,Mieko Nobusawa
94841,Hiroka Nishizawa
1003377,Yuu Ayase
35988,Minami Takayama
208,Ai Kayano
111109,Shô Ryûzanji
100887,Yuiko Tatsumi
105212,Yuuya Uchida
994965,Miyuki Kobori
314580,Maria Jose Gabin
1497554,Ryoshiro Tsuji
271004,Ayaka Nanase
174284,Fuyuka Ono
300637,Hiroshi Takemura
296871,Shinji Ogawa
76308,Toshimasa Niiro
396,Aoi Yuki
108775,Erika
1242632,Yuko Hara
103889,Shiori Mikami
97170,Katsuhiko Sasaki
916887,Mai Nagai
298277,Kaya Miyake
108772,Mayuno Yasokawa
43841,Naoto Takenaka
731149,Yuuki Kuwahara
96069,Yuka Inokuchi
157499,Taku Yashiro
104714,Rieko Takahashi
402998,Demon Kakka
94454,Junko Iwao
995239,Luciana González Costa
84280,Arata Furuta
940584,Haruka Miyake
2517,Paul Dobson
172948,Yumi Nakatani
775249,Shinshu Fuji
95713,Kanako Sakai
1776961,Yuki Kazu
291814,Nanami Yamashita
96673,Neeko
851997,Daiki Hamano
42355,Kei Kobayashi
58715,Toa Yukinari
92630,Hiroshi Yanaka
137,Risa Taneda
142373,Aya Omasa
95702,Kim Hyun-joong
344520,Michio Hazama
1174484,Sayumi Watabe
967280,Graciela Pal
145382,Katashi Ishizuka
1320068,Ryoji Masuyama
97893,Sumire Uesaka
868723,Kenya Tomatsu
1028581,Miina Obata
635851,Sairi Ito
1508889,Yui Asakura
72233,Karen Miyama
113321,Yuichi Iguchi
132,Daisuke Ono
99712,Setsuji Sato
771210,Takashi Horiuchi
102924,Shin Itagaki
162572,Yukihiro Misono
144786,Kumiko Watanabe
132751,Yoku Shioya
35882,Yu Shimamura
113456,Rie Suegara
156370,Aya Uchida
1176369,Yuina Yamada
394085,Fumihiro Awano
116199,Satomi Majima
101544,Keiko Sonoda
938156,Nanaka Suwa
1610800,Karin Kagami
90463,Masahiro Hosoda
61033,Masako Katsuki
1173068,Wataru Urata
1458442,Natsu Yorita
253805,Takahiko Kyougoku
39910,Kenichirou Matsuda
260358,Yuri Tsunematsu
50947,Tomomichi Nishimura
89878,Shin Aomori
7462,Ai Orikasa
218251,Noboru Nakaya
355386,Akira Nagata
28180,Unsho Ishizuka
663001,Akari Kageyama
200593,Keisuke Koumoto
21514,Tesshou Genda
101799,Eiji Miyashita
108821,Ishimatsu Chiemi
3736,Sora Amamiya
1207889,Shiki Aoki
883212,Baomu Zhongyang
147664,Dean Hagopian
98378,Chieko Higuchi
86148,Mika Doi
1616916,Miyari Nemoto
30680,Gara Takashima
577729,Shoji Izumi
1689357,Rise Moritomo
174404,Ai Nonaka
176444,Manabu Hamada
271005,Yukitoshi Kikuchi
235441,Toru Sakurai
340124,Valeria Lorca
873678,Masatomo Nakazawa
1173069,Tomoya Fukui
44499,Kohsei Hirota
104926,Tetsuo Goto
4279,Asami Shimoda
940577,Kozue Yuuki
96475,Mitsuru Miyamoto
207914,Tomohisa Taguchi
200133,Eiji Yanagisawa
58508,Akiko Kobayashi
1760243,Masahiro Ito
1953438,Shuichiro Umeda
107695,Abigail Alderete
273,Minako Kotobuki
183475,Katsumi Ono
97308,Haruka Chisuga
89884,Kazumi Tanaka
99451,Tooru Nara
836024,Nene Hieda
1735865,Juan Arturo Maldonado
277708,Takuya Igarashi
42992,Michael Jones
1339614,Yurina Amami
382,Katsuyuki Konishi
103289,Nobuo Tanaka
588902,Michiru Yuimoto
332400,Ryouko Tanaka
2101555,Toyonori Yamada
279202,Miku Ito
500490,Lydia Lamaison
802290,Aya Saito
713877,Kazuya Miura
1876437,Yuu Hamagashira
97176,Takayuki Sugo
136339,Jonathan Love
40659,Tomoyo Kurosawa
680337,Erika Narumi
276764,Tatsuo Satou
103213,Masashi Ishihama
874250,Takashi Aoki
104130,Mary Elizabeth McGlynn
1581422,Naoko Komatsu
12008,Nami Miyahara
981591,Asuka Yuki
727904,Shinichi Yamada
88344,Saki Nakajima
286591,Yoshimasa Hiraike
250594,MAKO
57655,Ryoka Yuzuki
30778,Junichi Suwabe
678764,Shinya Hamazoe
11413,Aya Hisakawa
113721,Riko Narumi
10870,Kanae Ito
380267,Airu Shiozaki
718354,Kenji Roa
106214,Ai Horanai
1026241,Hitomi Ohwada
175134,Shinichiro Ohta
108721,Kazuhiko Nishimatsu
101590,Ayuru Ohashi
35885,Genki Muro
97336,Rumiko Ukai
348215,Sayaka Nakaya
922447,Takahiro Miwa
542276,Fernanda Neil
103963,Ayumi Kinoshita
685298,Rumi Rakugou
1328414,Tomoya Takagi
88343,Takuma Terashima
100657,Hiroko Igarashi
1238603,Tomita Takahiro
1013478,Nana Mori
1595855,Takehiro Urao
1191,Dakota Fanning
868754,Tomisaburō Horikoshi
701901,Kento Hama
940583,Hironori Shiojiri
958525,Mami Yamashita
75871,François Leccia
120853,Masahiko Tsugawa
175516,Mariko Kouda
457324,Takeo Otsuka
30775,Yumi Kakazu
86778,Jin Urayama
730206,Kentaro Tone
104076,Yuuji Takada
100746,Minami Tsuda
4287,Minori Chihara
1227298,Masashi Kudo
322255,Natsuki Kitakata
254384,Satsumi Matsuda
10931,Kiyoyuki Yanada
104788,Ayaka Suwa
729839,Natsumi Yamada
874246,Haruo Yamagishi
1507689,Ruriko Noguchi
727384,Hirasawa Hisayoshi
2143135,Takeshi Honda
25345,Taro Yamaguchi
170280,Kazuya Tsurumaki
291810,Airi Eino
398,Aiko Okubo
513897,Éric Legrand
127958,Hiroki Takahashi
98423,Daisuke Hirakawa
174846,Youko Honda
1408663,Yuuki Shin
100659,Mana Ogawa
202161,Chika Arakawa
99641,R. Martin Klein
619892,Azusa Sato
1443799,Ryusei Ryo
147254,Kenichi Kasai
5174,Wataru Hatano
58718,Kazuki Yao
1283930,Kotomi Otsuka
1114854,Xiao Lian-Sha
109278,Yuuki Tai
16850,Christopher Reeve
495615,Keaton Yamada
264492,Yuya Hirose
97171,Hiro Shimono
174528,Reiko Suzuki
99772,Kumiko Hashimoto
940581,Ikumi Hasegawa
103293,Yuko Nagashima
97172,Susumu Akagi
1178121,Miyu Kubota
711936,Yuka Maruyama
103209,Haruka Kudou
977786,Yusuke Onuki
262985,Nao Minamisawa
100660,Atsushi Kosaka
35989,Kenji Nomura
85710,Tetsu Shiratori
108722,Shigeo Kiyama
58214,Akemi Okamura
106221,Kouji Ochiai
174773,Yukie Maeda
2042871,Nanami Tomaru
210295,Yuko Sanpei
588916,Aki Minami
61037,Katsuji Mori
1393003,Shoya Ishige
4607,Rina Sato
100124,Hiroya Ishimaru
142,Yuko Kaida
89897,Megumi Urawa
1366521,Hikaru Yamaguchi
32355,Jessica Henwick
2184725,Atsumi Miyazaki
169842,Toshihiko Nakajima
350426,Rie Iwatsubo
491443,Yuu Mizushima
983831,Shogo Yano
397340,Takashi Kondo
494397,Isao Yamagishi
1407665,Gilbert Levy
39911,Tomoyuki Dan
112296,Yoshitaka Yamaya
3994,Miyu Matsuki
439239,Yuki Masuda
26770,Ichirō Nagai
57654,Kentaro Ito
103878,Saori Hayashi
205432,Shiro Tsubuyaki
12397,Shintaro Asanuma
479546,Kôichi Hashimoto
1178504,Naoki Takimura
100118,Satomi Korogi
731523,Kaori Mine
28164,Ikue Otani
355704,Nanaho Katsuragi
97291,Miyuki Ichijou
92457,Nao Toyama
1065253,Akane Kumada
1931196,Mayu Obata
838181,Hitomi Ueda
229789,Megumi Yamaguchi
1288933,Yoshiko Okuda
88346,Kumi Sakuma
1452466,Kiiko Nozaki
60773,Jouji Nakata
754455,Mariya Yamada
115843,Osamu Nabeshima
449732,Masaaki Yajima
107154,Masane Tsukayama
1067409,Mori Ayaka
96066,Tsuyoshi Koyama
1206238,Riko Koike
831111,Shunsuke Itakura
11398,Emi Shinohara
344822,Shinshō Nakamaru
35985,Noriko Hidaka
34965,Michael Dobson
61034,Reizō Nomoto
940554,Arisa Suzuki
94527,Aya Suzaki
202468,Hiroaki Yuasa
1085166,Tetsuo Hirakawa
965673,Kouta Ooshita
873712,Ryo Sugisaki
663371,Rikako Yamaguchi
376070,Rokuro Naya
123541,Ryotaro Okiayu
1521706,Reiji Kawashima
345541,Akinori Nagaoka
454262,Osamu Kasai
94840,Harumi Sakurai
191135,Su Shangqing
1751627,Erisa Kuon
1122086,Shota Hayama
1087347,Sara Matsumoto
6318,Jung So-min
96675,Asami Imai
2098124,Misao Kobayashi
64492,Chayanne
183525,Hideyo Yamamoto
97175,KENN
251611,Ainosuke Kataoka
100666,Shun Takagi
1192802,Christian Sancho
1050332,Ayasa Ito
334331,Nobuhiro Takamoto
453970,Kisho Taniyama
991648,Taichi Ichikawa
1026682,Ayumi Mano
1166321,Susana Ortiz
227057,Yusei Oda
39337,Takako Honda
2235346,Haruka Fushimi
126117,Saeko Chiba
7440,Nobuyuki Hiyama
893166,Natsumi Hioka
160977,Ryoko Kuninaka
1624135,Nobuyori Sagara
452475,Takeyuki Kanda
921348,Miko Terada
316832,Kazue Komiya
89877,Tomiko Suzuki
730219,Taisuke Yamamoto
104196,Maki Sakai
100655,Masayo Fujita
715856,Mélodie Orru
278453,Rina Endou
664945,Hikari Shiina
35161,Atsuko Yuya
868838,Yuka Fujiwara
789335,Reina Kondo
97330,Fuyumi Shiraishi
1502952,Kanae Shirosawa
98480,Masahito Yabe
395,Jun Fukuyama
104351,Ai Matayoshi
93575,Masako Ikeda
187830,Brian Donovan
2484,Jung Hye-young
654009,Nichika Ōmori
1535911,Yukiko Motoyoshi
678732,Dorys del Valle
91893,Hirofumi Nojima
88337,Nobuo Tobita
1023615,Eri Yukimura
874240,Yuuta Odagaki
834293,Hidenori Takahashi
1228189,Yuko Natsuyoshi
1924078,Kanako Yanagihara
188293,Jun'ichi Haruta
728543,Miku Ishida
207158,Kaori Yamagata
675489,Sayaka Horino
106225,Keiji Hirai
40496,Kenji Matsuda
4284,Megumi Takamoto
97933,Rivas Michael
1865394,Minami Hinata
101593,Konomi Tada
102269,Fumiko Osaka
39709,Koji Totani
590610,Yoshihide Ibata
777047,Tomo Saeki
299957,Eriko Hara
1174077,Hiromichi Tezuka
11283,Yuki Kaji
98375,Hiroshi Shimizu
453965,Tōru Furusawa
1857998,Shinya Sumi
284680,Asuka Ōgame
1235115,Tomo Sakurai
379352,Silvia Montanari
4277,Ibuki Kido
21512,Nozomu Sasaki
378,Koji Yusa
916478,Shuka Saito
710184,Akari Uehara
97332,Keiko Han
239204,Fuminori Komatsu
106222,Li-Mei Chiang
655263,Risae Matsuda
231201,Atsushi Hashimoto
3590,Yoko Hikasa
447481,Kae Araki
831110,Tōru Adachi
1689667,Erisa Ichihara
44497,Eri Sendai
112298,Rumi Okubo
1357383,Miho Ishigami
96463,Sayaka Aoki
99813,Ayumu Murase
1752225,Tokihiro Sasaki
43014,Barbara Dunkelman
5179,Hiromi Igarashi
172707,Rumi Kasahara
1388537,Omi Minami
94671,Fumie Mizusawa
698701,Erii Yamazaki
96985,John Payne
966054,Danny Vink
904503,Takako Sasuga
7070,Mikako Takahashi
2119442,RaMu
229489,Miki Yanagi
2102982,하마나 타카유키
119810,Takayuki Fujimoto
1511995,Chiharu Hokaze
1190591,Michiko Kaiden
1352264,Chiaki Kanou
341048,Humberto Serrano
97168,Kazuhiro Nakaya
1470306,Mari Misaki
100590,Hiromi Nishikawa
7450,Mayumi Iizuka
868923,Anju Inami
235241,Mayako Nigo
417135,Maxi Ghione
94292,Ryohei Kimura
493638,Hideki Fukushi
831941,Manami Hanawa
89890,Yōko Kawanami
439629,Yoshiko Kamei
103777,Motomu Kiyokawa
254366,Akiyuki Simbo
28166,Megumi Hayashibara
988169,Rin Miyazaki
145202,Hideki Okamoto
278451,Saaya Andou
280542,Osamu Hosoi
94670,Hisako Kyoda
378264,Eduardo Ripari
99455,Tokuyoshi Kawashima
1260730,Yuki Ominami
208273,Hiroshi Naka
205429,Satoshi Shimizu
379,Saki Fujita
1205724,Koko Hayashi
11406,Daisuke Kishio
852403,Hiroyuki Kagura
101092,Haruko Momoi
943150,Taito Ban
1698616,Rio Tsuchiya
133797,Oma Ichimura
852250,Mariko Higashiuchi
10935,Akiko Hiramatsu
973805,Akira Amemiya
2142908,Taihei Katou
96521,Kazuma Horie
104392,Chiyako Shibahara
235440,Shinya Takahashi
108826,Toshinobu Iida
789364,Shunichi Toki
443917,Yumi Takada
94465,Jin Domon
86149,Kikuko Inoue
123804,Yasunori Matsumoto
42833,Rakuto Tochihara
99349,Go Inoue
971465,Maria Tanijiri
1205607,Mayu Sagara
1394421,Nashiko Momotsuki
1684791,Kohsuke Tanabe
71338,Hiroya Shimizu
2132964,Mori Takeshi
103344,Eiji Takemoto
714305,Yasutaka Yamamoto
880220,Kouji Ogawa
174053,Noriko Tsukase
104139,Erino Hazuki
332398,Tae Okajima
826823,Yuji Murai
85704,Kenji Utsumi
864684,Jun Kamiya
36372,Hiroki Touchi
663410,Toshiharu Sasaki
7423,Hirotaka Suzuoki
859215,Hiroshi Koujina
50806,Jorge D'Elía
126742,Aiko Hibi
157637,Yoshitomo Yonetani
104921,Naomi Nagasawa
1418433,kenty
730353,Kaori
875582,Itou Kento
126383,Mitsuhiro Ichiki
971011,Yuki Nakashima
11175,Kana Hanazawa
110159,Arisa Ogasawara
646606,Hironori Kondo
502116,Hikaru Kurosaki
992853,Hideo Matsumoto
1609618,Aina Rutou
296699,Ayano Niina
97177,Jun'ichi Kanemaru
30683,Takaya Hashi
276650,Chihiro Otsuka
868722,Chika Yoshitomi
730148,Yoshiko Ikuta
45259,Sonja Ball
263218,Nozomi Nishida
71160,Hiroshi Shimozaki
1155851,Michael Donovan
95738,Hitoshi Takagi
35879,Shinya Fukumatsu
94839,Yokote Kumiko
1121070,Masayuki Akasaka
313422,Souryuu Konno
278445,Aina Suzuki
94526,Yoshimasa Hosoya
1228213,Hikaru Tohno
97894,Naomi Ozora
882137,Riho Sugiyama
1214191,Haruka Michii
86142,Ayaka Saito
429809,Kazuyoshi Yaginuma
104789,Mami Uchida
94291,Masumi Asano
344401,Madoka Kimura
101003,Takanori Hoshino
99781,Miki Takahashi
120979,Azusa Nakao
99728,Ryuichi Kijima
1206964,Saki Minami
103347,Takashi Nagasako
29543,Joel Heyman
135,Hiroshi Kamiya
329916,Ayano Kudo
36374,Tsutomu Isobe
233434,Shunsuke Tada
1232423,Morishita Shuusei
10873,Miho Miyagawa
374784,Suzuna Kinoshita
429808,Osamu Kobayashi
1898251,Komugi Kuga
874229,Yutaka Sasakura
121737,Isamu Tanonaka
97891,Sayuri Hara
292142,Takahashi Wataru
1167972,Rikuya Yasuda
95715,Kanae Oki
2143149,Tomonori Ishihara
231245,Kouki Miyata
1762983,Arata Nagai
669052,Yukinaga Shiraishi
34967,Scott McNeil
108938,Nozomi Masu
966005,Geoff Ross
1278077,Yohei Azakami
1206235,Madoka Kan
339,Shin-ichiro Miki
103165,Tatsuyuki Nagai
208805,Tomo Muranaka
98479,Hideyuki Tanaka
1179182,Yuuki Hashimoto
1285953,Kyouko Wada
97729,Chafurin
247,Hitomi Nabatame
1178568,Kazumi Togashi
265606,Gou Koga
1179120,Kazuki Nakao
26773,Kōhei Miyauchi
332401,Haruka Nagami
764625,Masayuki Shoji
106226,Erika Nakagawa
135417,Yûsaku Yara
940574,Airi Ootsu
53311,Masaki Ota
968953,Ryota Suzuki
452,Miyuki Sawashiro
389,Nana Mizuki
1760661,Tetsuei Sumiya
669051,Ran Tokumaru
123493,Wataru Takagi
353094,Yuko Goto
443084,Hiromi Iwasaki
1502954,Reina Miyase
588918,Hiroto Kazuki
4278,Ryota Osaka
96462,Eriko Matsui
833683,Tomoaki Koshida
452666,Masuo Amada
940578,Kousuke Oonishi
96063,Katsumi Cho
295699,Keiichirou Kawaguchi
5607,David Hayter
271003,You Taichi
2001723,오오누마 신
1288938,Fumi Morisawa
332399,Keiko Imoto
1680464,Mayumi Okada
344,Kokoro Shindô
653165,Kaede Hondo
98475,Asami Tano
112374,Takuma Suzuki
426914,Yukio Kaizawa
247317,Saori Sugimoto
209,Emiri Kato
147917,Keiko Matsuzaka
423529,Osamu Kato
1408769,Tomohiro Nishimura
1653423,Manatsu Murakami
664563,Rika Abe
1283931,BB Gorō
2030011,Kousei
235831,Samantha Ireland
103559,Chika Anzai
60635,Yuki Matsuoka
40662,Masaya Onosaka
35878,Shintarô Oohata
1192280,Yurie Funato
182730,Yuuki Wakai
655603,Yuuto Suzuki
20390,Shinichiro Watanabe
474649,Yuji Mikimoto
366648,Hitoshi Iwamoto
964581,Mankyu
170070,Shimba Tsuchiya
103220,Yasuaki Takumi
157027,Takaya Kuroda
916480,Kanako Takatsuki
229794,Megumi Toda
105246,Yoon Seung-ah
603019,Yoshiaki Hasegawa
133,Miyu Irino
126743,Hiroshi Iwasaki
874244,Isamu Yusen
698729,Koudai Sakai
2048773,Mikako Ohara
200167,Masashi Ikeda
851998,Ikuji Nose
642992,Yukiko Morishita
1161789,Hidetoshi Takahashi
85458,Tatsuhisa Suzuki
813380,Risa Kubota
99768,Noriko Namiki
3737,Junji Majima
156817,Jin Katagiri
101472,Seiji Sasaki
839027,FROGMAN
92704,Ryo Hirohashi
103460,Keiichi Noda
466832,Sanae Takagi
836858,Nozomi Yamane
1884954,Takayuki Okada
779016,Miho Hino
1176445,Nako Eguchi
97174,Masaki Aizawa
160548,Emi Motoi
169508,Sachi Kokuryu
102490,Masaya Takatsuka
937556,Youko Matsuoka
70526,Misaki Ito
858477,Suzune Okabe
101093,Katsuki Murase
299726,Sayuri Sadaoka
1599859,Shingo Ogaya
365083,Taketora
4731,Rika Morinaga
1826910,Haruna Momono
44583,Shun Oguri
590590,Shannon McCormick
478332,Kenji Fukuda
214379,Kodai Asaka
103560,Yuuko Hara
242171,Reiya Masaki
1440482,Tanaka Reina
492836,Kazuko Yanaga
311689,Miyu Sawai
58641,Akira Ishida
1386774,Kaori Kusakabe
789358,Yusuke Shirai
175482,Yasuo Tanaka
174531,Mari Maruta
5358,Michael B. Jordan
874249,Takuya Masumoto
159030,Akari Hayami
522674,Nana Yamaguchi
1003075,Ryohei Arai
1579815,Bibiru Ōki
26766,Sumi Shimamoto
874247,Daisuke Takahashi
1685062,Mikoi Sasaki
2078393,Yuuichirou Hirata
1279075,Kanon Amane
117231,Eri Miyajima
2466,Wendee Lee
1148999,Atsuyoshi Miyazaki
1023614,Sayumi Suzushiro
370078,Tomoyuki Kawamura
1599736,Reo Kurachi
258766,Reiina Takeshita
99018,Harumi Asai
88353,Yoshikazu Nagano
108112,Hiroaki Miura
1205723,Nanami Atsugi
939865,Yukitoshi Tokumoto
99696,Takuya Sato
104093,Eiji Hanawa
129480,Bill Timoney
834629,Misaki Watada
768617,Arisa Nakada
459804,Tomoko Ishimura
1178870,Kanemoto Ryousuke
94146,Rie Yamaguchi
159286,Tsutomu Mizushima
673514,Tommy Hino
502638,Shūsei Nakamura
940550,Anna Yamaki
103964,Tomoko Munakata
873999,Riki Kagami
170182,Reiko Tajima
100745,Yuma Uchida
97895,Nozomi Yamamoto
4723,Natsuko Kuwatani
39334,Akio Suyama
1138115,Shinsuke Yanagi
711981,Masamichi Kitada
368122,Umeka Shouji
30777,Hideo Ishikawa
1493636,Nozomi Sasaki
296797,Kanami Satou
343,Mika Kanai
1178474,Satoshi Nakao
361369,Eiko Yamada
107483,Akiko Tsuboi
136342,Byron Close
103288,Maya Okamoto
958529,Ikuko Chikuta
415450,Misa Tamagawa
96679,Junko Minagawa
916482,Ai Furihata
394061,Mitsuyuki Masuhara
173786,Hirohiko Kakegawa
130,Saori Hayami
138,Takahiro Sakurai
165747,Masaki Okada
247316,Saori Higashi
10954,Charley Rossman
1175411,Seitarō Mukai
106223,Tetsuya Yanagihara
115686,Soma Saito
940563,Miho Okazaki
577731,Kei Hayami
280848,Tomohisa Aso
1231616,Natsumi Haruse
89870,Naoki Tatsuta
831024,Aoi Umeki
1826211,Keiko Watanabe
730805,Kanon Takao
104532,Atsushi Miyauchi
1199593,Satoshi Mikami
116112,A.J. Henderson
89880,Toku Nishio
916479,Aika Kobayashi
1908931,Masatoshi Kī
479477,Kenichi Ono
134257,Mayu Matsuoka
724490,Shôjirô Kihara
35875,Yukiyo Fujii
1113809,Mikako Izawa
99714,Yoshimitsu Shimoyama
1204728,Yu Sasahara
348219,Amina Sato
241724,Jun Osuka
88332,Kazunari Tanaka
108827,Yukari Kokubun
330,Toru Okawa
105002,Daisuke Hosomi
263220,Kiyono Yasuno
98422,Hiroki Shimowada
440906,Shōgo Sakamoto
1090172,Valerie Brookshire
36376,Masahiko Tanaka
104742,Orie Kimoto
873813,Volcano Ota
588920,Tomato Akai
183303,Yuuko Iida
160121,Mitsuaki Hoshino
26774,Mikio Terashima
1680462,Mina Otohata
39711,Mitsuki Yayoi
654007,Masumi Tazawa
408563,Hiromi Konno
731540,Laura Bachynski
275,Tomoaki Maeno
348217,Sawako Hata
427,Ayumi Murata
882138,Rika Tachibana
89874,Miki Ito
807772,SungWon Cho
11396,Motoko Kumai
1778185,Nina Tamaki
99014,Reiko Yasuhara
190471,Hidekazu Ichinose
207,Inori Minase
39339,Kana Ueda
1908020,Sho Karino
353764,Miyoko Yoshimoto
103556,Rie Murakawa
162466,Yoichi Nukumizu
104098,Rena Maeda
300267,Nana Inoue
158625,Asami
987326,Yoshiki Nakajima
657776,Rika Kawai
1329959,Hayato Furusawa
1680461,Kōhei Mitoma
1653418,Kotone Watanabe
210,Juri Kimura
36379,Susumu Kudou
1493637,Yuki Yagi
1099896,Raychell
96067,Wasabi Mizuta
125230,Fernanda Castillo
98370,Taiki Matsuno
